{
	"criteria": {
		"player_interacted_with_entity": {
			"trigger": "minecraft:item_used_on_block",
			"conditions": {
				"location": [
					{
						"condition": "minecraft:match_tool",
						"predicate": {
							"tag": "custom_nether_portals:ignition"
						}
					},
					{
						"condition": "minecraft:any_of",
						"terms": [
							{
								"condition": "minecraft:location_check",
								"predicate": {
									"dimension": "minecraft:overworld"
								}
							},
							{
								"condition": "minecraft:location_check",
								"predicate": {
									"dimension": "minecraft:the_nether"
								}
							}
						]
					}
				]
			}
		}
	},
	"rewards": {
		"function": "custom_nether_portals:use_ignition"
	}
}